1,古装,电视剧
2,言情,电视剧
3,武侠,电视剧
4,偶像,电视剧
5,家庭,电视剧
6,青春,电视剧
7,都市,电视剧
8,喜剧,电视剧
9,战争,电视剧
10,军旅,电视剧
11,谍战,电视剧
12,悬疑,电视剧
13,罪案,电视剧
14,穿越,电视剧
15,宫廷,电视剧
16,历史,电视剧
17,神话,电视剧
18,科幻,电视剧
19,年代,电视剧
20,农村,电视剧
21,商战,电视剧
22,剧情,电视剧
23,奇幻,电视剧
24,喜剧,电影
25,爱情,电影
26,动作,电影
27,枪战,电影
28,犯罪,电影
29,惊悚,电影
30,恐怖,电影
31,悬疑,电影
32,动画,电影
33,家庭,电影
34,奇幻,电影
35,魔幻,电影
36,科幻,电影
37,战争,电影
38,青春,电影
39,播报,综艺
40,访谈,综艺
41,搞笑,综艺
42,游戏,综艺
43,选秀,综艺
44,时尚,综艺
45,情感,综艺
46,晚会,综艺
47,曲艺,综艺
48,美食,综艺
49,少儿,综艺
50,脱口秀,综艺
51,职场,综艺
52,相亲,综艺
53,音乐,综艺
54,伦理,综艺
55,真人秀,综艺
56,文化,综艺
57,舞蹈,综艺
58,亲子,综艺
59,财经,综艺
60,旅游,综艺
61,益智,综艺
62,竞技,综艺
63,轻改,动漫
64,漫改,动漫
65,游戏改,动漫
66,搞笑,动漫
67,热血,动漫
68,催泪,动漫
69,治愈,动漫
70,励志,动漫
71,战斗,动漫
72,后宫,动漫
73,机战,动漫
74,恋爱,动漫
75,科幻,动漫
76,乙女,动漫
77,奇幻,动漫
78,推理,动漫
79,校园,动漫
80,运动,动漫
81,智斗,动漫
82,日常,动漫
83,魔法,动漫
84,历史,动漫
85,美食,动漫
86,职场,动漫
87,神魔,动漫
88,偶像,动漫
89,萌系,动漫
90,美少女,动漫
91,萝莉,动漫
92,声控,动漫
93,亲子,动漫
94,泡面,动漫
95,青春,动漫
96,冒险,动漫
97,竞技,动漫
98,音乐合家欢,动漫
99,跟播,动漫
100,武侠,动漫
101,玄幻,动漫
102,人物,纪录片
103,军事,纪录片
104,历史,纪录片
105,探索,纪录片
106,文化,纪录片
107,社会,纪录片
108,科学,纪录片
109,旅游,纪录片
110,真人秀,纪录片
111,政治,纪录片
112,电子竞技,游戏
113,网络游戏,游戏
114,单机游戏,游戏
115,手机游戏,游戏
116,少儿游戏,游戏
117,游戏美女,游戏
118,社会,资讯
119,科技,资讯
120,军事,资讯
121,评论,资讯
122,国内,资讯
123,国际,资讯
124,独家,娱乐
125,热点,娱乐
126,原创,娱乐
127,八卦,娱乐
128,选秀,娱乐
129,情感,娱乐
130,时尚,娱乐
131,游戏,娱乐
132,搞笑,娱乐
133,颁奖,娱乐
134,活动,娱乐
135,结婚,娱乐
136,去世,娱乐
137,生子,娱乐
138,探班,娱乐
139,事故,娱乐
140,票房,娱乐
141,盘点,娱乐
142,纠纷,娱乐
143,官司,娱乐
144,星座,娱乐
145,演唱会,娱乐
146,环保,娱乐
147,慈善,娱乐
148,话剧,娱乐
149,舞蹈,娱乐
150,戏曲,娱乐
151,儿童剧,娱乐
152,歌剧,娱乐
153,音乐剧,娱乐
154,音乐会,娱乐
155,相声,娱乐
156,马戏,娱乐
157,魔术,娱乐
158,展览,娱乐
159,其它,娱乐
160,宏观,财经
161,民生,财经
162,产经,财经
163,市场,财经
164,理财,财经
165,访谈,财经
166,单曲MV,音乐
167,单曲现场,音乐
168,演唱会,音乐
169,新闻,音乐
170,访谈,音乐
171,音乐记录,音乐
172,音乐周边,音乐
173,音乐节目,音乐
174,影视原声,音乐
175,音乐短片,音乐
176,军情,军事
177,深度,军事
178,兵器,军事
179,战史,军事
180,人物,军事
181,航空航天,军事
182,幼儿,教育
183,小学,教育
184,初中,教育
185,高中,教育
186,外语学习,教育
187,职业教育,教育
188,管理培训,教育
189,学历教育,教育
190,公开课,教育
191,教育资讯,教育
192,实用教程,教育
193,文化艺术,教育
194,足球,体育
195,篮球,体育
196,网球,体育
197,高尔夫,体育
198,赛车,体育
199,极限运动,体育
200,台球,体育
201,搏击,体育
202,格斗,体育
203,街舞,体育
204,健身,体育
205,综合,体育
206,电影,儿童
207,有声绘本,儿童
208,儿童综艺,儿童
209,真人特摄,儿童
210,动画,儿童
211,儿歌,儿童
212,故事,儿童
213,学英语,儿童
214,百科,儿童
215,国学,儿童
216,手工,儿童
217,识字,儿童
218,数学,儿童
219,美术,儿童
220,舞蹈,儿童
221,音乐,儿童
222,诗词,儿童
223,运动,儿童
224,口才,儿童
225,其他,儿童
226,风光,旅游
227,饮食,旅游
228,住宿,旅游
229,新闻,旅游
230,钓鱼,旅游
231,出行方式,旅游
232,户外,旅游
233,文化,旅游
234,奇趣,旅游
235,服饰,时尚
236,美容,时尚
237,生活,时尚
238,其它,时尚
239,美食,生活
240,窍门,生活
241,家居,生活
242,宠物,生活
243,健康,生活
244,舞蹈,生活
245,情感,生活
246,奇闻,生活
247,休闲,生活
248,汽车,交通
249,飞机,交通
250,摩托车,交通
251,欢乐,搞笑
252,精选,搞笑
253,娱乐,搞笑
254,八卦,搞笑
255,搞笑,搞笑
256,短片,搞笑
257,影视剧,搞笑
258,吐槽,搞笑
259,雷人,搞笑
260,迨,搞笑
261,爆笑,搞笑
262,节目,搞笑
263,萌宠,搞笑
264,童趣,搞笑
265,奇闻,搞笑
266,趣事,搞笑
267,恶搞,搞笑
268,配音,搞笑
269,相声,搞笑
270,小品,搞笑
271,猎奇,搞笑
272,啪啪奇,搞笑
273,IT数码,广告
274,汽车,广告
275,金融,广告
276,房地产,广告
277,化妆品,广告
278,食品,广告
279,饮料,广告
280,烟酒,广告
281,运动,广告
282,户外,广告
283,服装,广告
284,鞋包,广告
285,配件,广告
286,家具,广告
287,电器,广告
288,医药,广告
289,珠宝,广告
290,手表,广告
291,日化用品,广告
292,游戏,广告
293,其他,广告
294,萌宝乐园,母婴
295,孕期,母婴
296,分娩,母婴
297,妈咪饮食,母婴
298,宝宝饮食,母婴
299,早教课堂,母婴
300,婴幼儿常见疾病,母婴
301,时尚辣妈圈,母婴
302,亲子生活馆,母婴
303,宝宝养育,母婴
304,趣味玩具,母婴
305,行业动态,母婴
306,IT业界,科技
307,互联网,科技
308,APP,科技
309,手机,科技
310,笔记本,科技
311,智能硬件,科技
312,平板电脑,科技
313,数码相机,科技
314,PC,科技
315,家电,科技
316,游戏机,科技
317,前沿技术,科技
318,科学探索,科技
319,文化,脱口秀
320,娱乐,脱口秀
321,访谈,脱口秀
322,社会,脱口秀
323,搞笑,脱口秀
324,财经,脱口秀
325,时尚,脱口秀
326,历史,脱口秀
327,综艺,脱口秀
328,电台,脱口秀
329,单人脱口秀,脱口秀
330,美式脱口秀,脱口秀
331,播报,脱口秀
332,影视,脱口秀
333,情感,脱口秀
334,美食,脱口秀
335,体育,脱口秀
336,星座,脱口秀
337,资讯,脱口秀
338,健康,脱口秀
339,科技,脱口秀
340,相声,脱口秀
341,评书,脱口秀
342,演讲,脱口秀
343,资讯,健康
344,医疗,健康
345,两性,健康
346,养生,健康
347,健身,健康
348,美容,健康
349,心理常识,健康
350,儿科,健康
351,老年,健康
352,交流分享,健康
